{
  "((-23.5558, -46.6396), (37.228034353594246, 120.9605))": 304.0,
  "((-23.5558, -46.6396), (45.60385891976274, -120.5542))": 182.0,
  "((-23.5558, -46.6396), (46.37785213126502, -93.0977))": 156.0,
  "((-23.5558, -46.6396), (56.36450332140701, 8.5417))": 233.03660906707455,
  "((-33.8688, 151.2093), (37.228034353594246, 120.9605))": 158.0,
  "((-33.8688, 151.2093), (45.60385891976274, -120.5542))": 163.0,
  "((-33.8688, 151.2093), (46.37785213126502, -93.0977))": 177.0,
  "((-33.8688, 151.2093), (56.36450332140701, 8.5417))": 278.03660906707455,
  "((1.3521, 103.8198), (37.228034353594246, 120.9605))": 63.0,
  "((1.3521, 103.8198), (45.60385891976274, -120.5542))": 155.0,
  "((1.3521, 103.8198), (46.37785213126502, -93.0977))": 193.0,
  "((1.3521, 103.8198), (56.36450332140701, 8.5417))": 292.03660906707455,
  "((19.076, 72.8777), (37.228034353594246, 120.9605))": 126.0,
  "((19.076, 72.8777), (45.60385891976274, -120.5542))": 212.0,
  "((19.076, 72.8777), (46.37785213126502, -93.0977))": 252.0,
  "((19.076, 72.8777), (56.36450332140701, 8.5417))": 352.03660906707455,
  "((22.3193, 114.1694), (37.228034353594246, 120.9605))": 27.0,
  "((22.3193, 114.1694), (45.60385891976274, -120.5542))": 133.0,
  "((22.3193, 114.1694), (46.37785213126502, -93.0977))": 175.0,
  "((22.3193, 114.1694), (56.36450332140701, 8.5417))": 274.03660906707455,
  "((23.6978, 120.9605), (37.228034353594246, 120.9605))": 15.0,
  "((23.6978, 120.9605), (45.60385891976274, -120.5542))": 122.0,
  "((23.6978, 120.9605), (46.37785213126502, -93.0977))": 159.0,
  "((23.6978, 120.9605), (56.36450332140701, 8.5417))": 261.03660906707455,
  "((33.8361, -81.1637), (37.228034353594246, 120.9605))": 199.0,
  "((33.8361, -81.1637), (45.60385891976274, -120.5542))": 69.0,
  "((33.8361, -81.1637), (46.37785213126502, -93.0977))": 41.00000000000001,
  "((33.8361, -81.1637), (56.36450332140701, 8.5417))": 100.03660906707455,
  "((34.0522, -118.2437), (37.228034353594246, 120.9605))": 141.0,
  "((34.0522, -118.2437), (45.60385891976274, -120.5542))": 25.999999999999996,
  "((34.0522, -118.2437), (46.37785213126502, -93.0977))": 40.00000000000001,
  "((34.0522, -118.2437), (56.36450332140701, 8.5417))": 142.03660906707455,
  "((35.6762, 139.6503), (37.228034353594246, 120.9605))": 48.0,
  "((35.6762, 139.6503), (45.60385891976274, -120.5542))": 90.0,
  "((35.6762, 139.6503), (46.37785213126502, -93.0977))": 130.0,
  "((35.6762, 139.6503), (56.36450332140701, 8.5417))": 231.03660906707455,
  "((37.228034353594246, 120.9605), (-23.5558, -46.6396))": 302.0,
  "((37.228034353594246, 120.9605), (-33.8688, 151.2093))": 154.0,
  "((37.228034353594246, 120.9605), (1.3521, 103.8198))": 64.0,
  "((37.228034353594246, 120.9605), (19.076, 72.8777))": 123.0,
  "((37.228034353594246, 120.9605), (22.3193, 114.1694))": 27.0,
  "((37.228034353594246, 120.9605), (23.6978, 120.9605))": 15.0,
  "((37.228034353594246, 120.9605), (33.8361, -81.1637))": 200.0,
  "((37.228034353594246, 120.9605), (34.0522, -118.2437))": 144.0,
  "((37.228034353594246, 120.9605), (35.6762, 139.6503))": 49.0,
  "((37.228034353594246, 120.9605), (38.8334, -77.2365))": 195.0,
  "((37.228034353594246, 120.9605), (41.878, -93.0977))": 169.0,
  "((37.228034353594246, 120.9605), (43.8041, -120.5542))": 135.0,
  "((37.228034353594246, 120.9605), (45.5017, -73.5673))": 201.0,
  "((37.228034353594246, 120.9605), (45.60385891976274, -120.5542))": 137.0,
  "((37.228034353594246, 120.9605), (46.37785213126502, -93.0977))": 174.0,
  "((37.228034353594246, 120.9605), (47.3769, 8.5417))": 297.0,
  "((37.228034353594246, 120.9605), (50.1109, 8.6821))": 274.0,
  "((37.228034353594246, 120.9605), (50.5039, 4.4699))": 269.0,
  "((37.228034353594246, 120.9605), (51.5074, -0.1278))": 265.0,
  "((37.228034353594246, 120.9605), (52.3676, 4.9041))": 271.0,
  "((37.228034353594246, 120.9605), (56.36450332140701, 8.5417))": 276.03660906707455,
  "((38.8334, -77.2365), (37.228034353594246, 120.9605))": 193.0,
  "((38.8334, -77.2365), (45.60385891976274, -120.5542))": 63.99999999999999,
  "((38.8334, -77.2365), (46.37785213126502, -93.0977))": 30.00000000000001,
  "((38.8334, -77.2365), (56.36450332140701, 8.5417))": 87.03660906707455,
  "((41.878, -93.0977), (37.228034353594246, 120.9605))": 168.0,
  "((41.878, -93.0977), (45.60385891976274, -120.5542))": 39.99999999999999,
  "((41.878, -93.0977), (46.37785213126502, -93.0977))": 5.00000000000001,
  "((41.878, -93.0977), (56.36450332140701, 8.5417))": 107.03660906707455,
  "((43.8041, -120.5542), (37.228034353594246, 120.9605))": 134.0,
  "((43.8041, -120.5542), (45.60385891976274, -120.5542))": 1.9999999999999951,
  "((43.8041, -120.5542), (46.37785213126502, -93.0977))": 43.00000000000001,
  "((43.8041, -120.5542), (56.36450332140701, 8.5417))": 144.03660906707455,
  "((45.5017, -73.5673), (37.228034353594246, 120.9605))": 203.0,
  "((45.5017, -73.5673), (45.60385891976274, -120.5542))": 71.0,
  "((45.5017, -73.5673), (46.37785213126502, -93.0977))": 36.00000000000001,
  "((45.5017, -73.5673), (56.36450332140701, 8.5417))": 89.03660906707455,
  "((45.60385891976274, -120.5542), (-23.5558, -46.6396))": 173.0,
  "((45.60385891976274, -120.5542), (-33.8688, 151.2093))": 164.0,
  "((45.60385891976274, -120.5542), (1.3521, 103.8198))": 152.0,
  "((45.60385891976274, -120.5542), (19.076, 72.8777))": 212.0,
  "((45.60385891976274, -120.5542), (22.3193, 114.1694))": 134.0,
  "((45.60385891976274, -120.5542), (23.6978, 120.9605))": 121.0,
  "((45.60385891976274, -120.5542), (33.8361, -81.1637))": 68.0,
  "((45.60385891976274, -120.5542), (34.0522, -118.2437))": 25.999999999999996,
  "((45.60385891976274, -120.5542), (35.6762, 139.6503))": 90.0,
  "((45.60385891976274, -120.5542), (38.8334, -77.2365))": 65.0,
  "((45.60385891976274, -120.5542), (41.878, -93.0977))": 39.99999999999999,
  "((45.60385891976274, -120.5542), (43.8041, -120.5542))": 1.9999999999999951,
  "((45.60385891976274, -120.5542), (45.5017, -73.5673))": 70.0,
  "((45.60385891976274, -120.5542), (46.37785213126502, -93.0977))": 45.0,
  "((45.60385891976274, -120.5542), (47.3769, 8.5417))": 169.0,
  "((45.60385891976274, -120.5542), (50.1109, 8.6821))": 144.0,
  "((45.60385891976274, -120.5542), (50.5039, 4.4699))": 138.0,
  "((45.60385891976274, -120.5542), (51.5074, -0.1278))": 133.0,
  "((45.60385891976274, -120.5542), (52.3676, 4.9041))": 141.0,
  "((45.60385891976274, -120.5542), (56.36450332140701, 8.5417))": 146.03660906707455,
  "((46.37785213126502, -93.0977), (-23.5558, -46.6396))": 154.0,
  "((46.37785213126502, -93.0977), (-33.8688, 151.2093))": 177.0,
  "((46.37785213126502, -93.0977), (1.3521, 103.8198))": 193.0,
  "((46.37785213126502, -93.0977), (19.076, 72.8777))": 253.0,
  "((46.37785213126502, -93.0977), (22.3193, 114.1694))": 174.0,
  "((46.37785213126502, -93.0977), (23.6978, 120.9605))": 158.0,
  "((46.37785213126502, -93.0977), (33.8361, -81.1637))": 41.00000000000001,
  "((46.37785213126502, -93.0977), (34.0522, -118.2437))": 40.00000000000001,
  "((46.37785213126502, -93.0977), (35.6762, 139.6503))": 131.0,
  "((46.37785213126502, -93.0977), (37.228034353594246, 120.9605))": 173.0,
  "((46.37785213126502, -93.0977), (38.8334, -77.2365))": 29.00000000000001,
  "((46.37785213126502, -93.0977), (41.878, -93.0977))": 5.00000000000001,
  "((46.37785213126502, -93.0977), (43.8041, -120.5542))": 43.00000000000001,
  "((46.37785213126502, -93.0977), (45.5017, -73.5673))": 38.00000000000001,
  "((46.37785213126502, -93.0977), (45.60385891976274, -120.5542))": 45.0,
  "((46.37785213126502, -93.0977), (47.3769, 8.5417))": 135.0,
  "((46.37785213126502, -93.0977), (50.1109, 8.6821))": 110.00000000000001,
  "((46.37785213126502, -93.0977), (50.5039, 4.4699))": 104.00000000000001,
  "((46.37785213126502, -93.0977), (51.5074, -0.1278))": 100.00000000000001,
  "((46.37785213126502, -93.0977), (52.3676, 4.9041))": 107.00000000000001,